姓名,班级,学号,语文,数学,英语,物理,化学,生物,政治,地理,体育,美术,音乐,概率,创科,数据,马原
宋华彩,100班,180100001,,97,,,45,89,,58,67,57,68,58,54,59,98
巴阳炎,100班,180100002,83,70,44,47,88,66,69,55,,46,77,47,90,64,
索志新,100班,180100003,76,52,,48,61,79,,89,82,,90,71,51,86,
宿天佑,100班,180100004,,87,99,57,95,41,,57,62,,94,,52,64,
谢鸿振,100班,180100005,,62,41,46,85,99,40,,47,49,67,,,,63
敖明轩,100班,180100006,80,100,,74,100,70,,96,50,95,85,91,,56,
龚永宁,100班,180100007,,46,41,48,59,56,49,69,87,60,,,,47,47
牧宏爽,100班,180100008,,47,83,,,81,81,71,68,,82,72,65,,
殳康裕,100班,180100009,66,52,95,51,,99,80,41,54,66,,41,,,43
燕宏旷,100班,180100010,95,57,92,56,46,,,74,,64,43,83,,85,83
訾玉轩,100班,180100011,47,,,42,42,92,,91,56,,78,52,,65,94
龚文瑞,100班,180100012,66,91,,57,,,68,,83,45,80,,68,,77
蓟经亘,100班,180100013,,60,66,53,65,48,55,65,50,100,92,,,56,60
富恺乐,100班,180100014,48,96,83,72,62,,69,57,,46,69,75,43,61,63
王翰藻,100班,180100015,48,99,80,,,59,,94,43,80,,95,,96,54
许嘉实,100班,180100016,49,62,75,,87,,58,52,,,,69,83,70,55
杜力勤,100班,180100017,,59,,90,67,89,62,81,,50,94,,81,65,73
相坚白,100班,180100018,,,59,,97,66,65,65,99,,86,98,58,,87
叶俊能,100班,180100019,,45,72,94,43,96,,60,,,41,82,,58,56
汪和怡,100班,180100020,79,74,44,,49,,,67,,,97,45,,41,69
胡承教,100班,180100021,79,63,75,72,70,49,52,47,45,,53,52,53,83,
党明远,100班,180100022,,,80,72,88,92,50,50,,99,95,,,,79
逢鸿博,100班,180100023,81,64,75,82,59,49,58,100,56,83,84,,,78,
勾永逸,100班,180100024,63,,73,,,,82,87,,85,,,100,,
弘飞捷,100班,180100025,,,,,64,83,86,66,,40,,,52,98,93
丁鸿晖,100班,180100026,,40,40,64,57,,79,,75,,,44,43,85,
饶温瑜,100班,180100027,97,69,95,99,,64,,,,84,,65,,,41
廖安翔,100班,180100028,,80,83,52,44,99,,,,,90,100,41,,49
鄂嘉歆,100班,180100029,,,,91,,,73,65,70,42,,81,97,,74
师修德,100班,180100030,53,43,,49,,,,72,,,,,,67,
孔承允,100班,180100031,,85,83,82,71,75,,81,77,49,61,71,48,,46
陆凯泽,100班,180100032,,,,57,80,71,63,91,,66,83,51,74,69,
那兴贤,100班,180100033,42,46,,54,49,97,89,80,45,54,,95,56,,82
隗文华,100班,180100034,59,100,82,,,58,,43,,,95,62,60,,73
欧理全,100班,180100035,61,47,41,47,99,66,56,53,46,94,81,,99,77,65
蓟才俊,100班,180100036,78,,86,89,53,67,91,73,100,88,,82,,,
雍鸿朗,100班,180100037,48,74,85,48,78,60,78,41,72,70,62,,,57,81
徐修能,100班,180100038,,44,,,54,48,,94,,67,83,,,,
魏高谊,100班,180100039,,78,92,,,76,61,53,81,,80,,78,66,
宓弘方,100班,180100040,99,75,80,,,64,,,92,73,49,88,54,45,99
司成业,100班,180100041,87,44,55,,76,,69,74,94,100,74,41,91,,62
顾建木,100班,180100042,47,,,45,,97,100,,100,90,,,45,69,58
简良朋,100班,180100043,59,,100,57,99,79,68,,,,53,,78,58,61
勾文星,100班,180100044,98,93,40,51,42,88,50,61,98,71,94,55,,,51
袁伟懋,100班,180100045,,,49,99,,74,96,,45,57,48,58,79,71,
蔚和悦,100班,180100046,,56,,96,79,,,98,67,,53,94,69,55,87
盖德润,100班,180100047,49,69,85,56,40,43,,81,68,98,77,,97,57,93
容建元,100班,180100048,70,43,,59,,,100,,,,42,57,,,73
居鸿祯,100班,180100049,70,,91,55,83,91,60,,41,,43,68,,66,
吴英博,100班,180100050,46,72,54,76,,63,51,79,69,90,,,72,,65
汲飞羽,101班,180101001,84,75,75,70,95,58,63,92,89,57,,,54,91,98
关阳炎,101班,180101002,52,,84,91,47,42,,,,98,98,50,65,44,83
权锐志,101班,180101003,90,,82,95,69,,,,72,,67,,83,60,
郏昊英,101班,180101004,85,89,72,59,,57,90,54,50,68,89,57,44,60,
桂伟诚,101班,180101005,,48,,83,,77,67,51,55,,97,,66,57,53
空志学,101班,180101006,,,95,65,,,88,72,,,,43,66,85,45
晏翰藻,101班,180101007,,84,63,65,81,68,,,,45,78,48,,47,
司元白,101班,180101008,67,,47,71,93,67,68,67,79,,77,60,43,,53
侯锐藻,101班,180101009,55,65,57,,,,,48,87,,,89,66,81,91
惠敏达,101班,180101010,73,,53,83,,,68,61,93,79,,,71,89,99
贡光耀,101班,180101011,,94,72,95,61,,,49,,,46,96,66,,
彭嘉平,101班,180101012,,76,64,58,75,100,,52,,45,,88,91,,
董立诚,101班,180101013,76,87,82,,,,,,,49,,86,64,49,46
扶向晨,101班,180101014,52,64,,,74,,70,94,46,,81,,,41,56
暨恺歌,101班,180101015,58,,,,91,91,58,42,51,58,100,63,,62,
寿奇胜,101班,180101016,,88,83,83,41,89,,40,55,75,66,84,78,62,86
宦意致,101班,180101017,72,49,47,55,40,95,,61,77,92,80,50,,98,67
暴永丰,101班,180101018,68,62,,43,63,,96,64,,63,70,,54,,67
谭浩瀚,101班,180101019,,,75,,,76,45,42,89,56,49,57,59,,47
石高兴,101班,180101020,61,,,,94,42,86,76,63,,47,47,46,,71
浦昊天,101班,180101021,,99,,,,85,41,68,70,,69,49,,,98
邓奇迈,101班,180101022,62,57,,45,49,,64,,,,72,,,,70
傅良骏,101班,180101023,54,46,,41,73,,81,48,53,,58,,,78,
怀嘉瑞,101班,180101024,75,48,61,,,,75,51,,,49,57,69,67,
勾宏大,101班,180101025,92,43,,53,,89,45,58,,85,70,81,,,53
鱼波光,101班,180101026,63,84,81,63,,44,95,82,85,69,65,88,59,91,
王安顺,101班,180101027,,95,82,65,96,,72,61,91,56,,63,47,44,99
韶鹏天,101班,180101028,56,,48,83,,85,44,78,98,,,,41,56,
国华皓,101班,180101029,,,90,53,,,64,85,,46,42,95,94,41,53
徐嘉澍,101班,180101030,68,46,58,40,,,,55,72,100,,57,,,44
慕远航,101班,180101031,74,46,68,84,,89,83,,91,,,,81,,93
靳坚诚,101班,180101032,43,69,80,59,50,81,59,,,50,,58,87,56,46
金嘉熙,101班,180101033,42,92,43,81,,,100,,80,53,55,77,100,43,65
龚昊昊,101班,180101034,,,82,69,54,85,,,86,78,99,78,79,49,
牛高达,101班,180101035,58,,83,97,63,,96,41,,,85,60,,66,60
边高洁,101班,180101036,,48,40,58,55,68,81,,,40,,65,46,,87
梁坚白,101班,180101037,53,43,92,,54,,49,62,62,,93,80,99,48,60
富建安,101班,180101038,45,84,55,89,90,,51,76,99,55,98,43,95,73,96
慎瑾瑜,101班,180101039,,,,81,57,,93,98,42,,70,47,,41,50
尚涵煦,101班,180101040,,75,,89,53,88,,44,,57,,,83,,
鱼新翰,101班,180101041,96,77,85,,64,,,,46,85,53,92,79,84,59
师建业,101班,180101042,46,,68,75,49,,87,67,,,60,52,47,54,
乌俊逸,101班,180101043,,,94,56,91,85,84,47,80,62,45,57,52,82,
幸学名,101班,180101044,44,,63,44,72,,80,52,40,42,43,64,57,64,
姚承平,101班,180101045,60,95,,82,67,53,,65,46,,,94,,,76
沃高义,101班,180101046,85,46,,,,91,,63,,82,86,,,78,
尹伟懋,101班,180101047,95,,,98,,96,95,56,40,45,,94,45,92,74
乜阳辉,101班,180101048,,,52,94,95,94,57,49,70,65,59,57,,,70
汤明诚,101班,180101049,,41,,,82,,65,55,77,75,47,59,67,91,
晃立辉,101班,180101050,41,94,,79,82,,,66,,68,,78,45,,63
康高旻,102班,180102001,59,52,,,63,,,57,,,,87,,54,
郭英达,102班,180102002,,66,43,56,73,91,,,90,69,68,,95,86,80
弘兴为,102班,180102003,,,,59,98,54,89,64,48,47,,78,,67,52
黎嘉誉,102班,180102004,,40,44,65,47,,82,56,,,52,73,92,47,48
孟宏硕,102班,180102005,63,52,,49,,,,54,46,46,84,,85,47,82
郏德佑,102班,180102006,46,,,,67,95,75,,56,,44,60,,52,70
蒙思远,102班,180102007,68,74,,,52,68,46,100,,49,47,,74,,45
曾睿诚,102班,180102008,99,,70,,,97,77,76,70,52,60,67,,66,92
隆星汉,102班,180102009,45,,99,86,46,65,69,73,52,,62,,45,99,61
厍康德,102班,180102010,,57,63,,87,100,81,94,51,51,72,87,66,79,65
康泽语,102班,180102011,76,,89,48,42,99,99,55,45,,77,,58,76,
幸涵育,102班,180102012,44,66,48,65,60,,65,51,65,67,,,81,,48
郗涵涤,102班,180102013,68,73,,82,87,40,,,58,41,99,,84,45,89
漕温文,102班,180102014,54,72,47,,78,97,85,,,56,,87,80,88,86
印成和,102班,180102015,55,,87,44,46,80,49,40,70,100,50,,,,49
汪鸿朗,102班,180102016,99,44,,48,99,63,77,74,92,42,64,79,,,55
松嘉运,102班,180102017,83,63,77,55,44,96,95,90,54,,55,,,48,
暨承业,102班,180102018,100,100,,,42,54,,95,96,,78,48,,,
彭宏达,102班,180102019,55,57,,45,72,64,48,,51,,67,,80,48,83
谭皓轩,102班,180102020,61,72,,,48,79,96,,43,76,,,75,,49
贺鸿远,102班,180102021,55,79,47,46,84,82,67,74,80,,46,81,51,69,
戴华清,102班,180102022,,84,54,86,,71,,54,85,,,,,,78
仰正业,102班,180102023,,78,60,77,96,,74,79,,,72,54,,,83
苏刚毅,102班,180102024,74,,81,,85,,80,85,77,96,85,77,,42,54
扈瑾瑜,102班,180102025,,73,51,,,59,40,41,50,,70,87,68,,
班华晖,102班,180102026,82,53,76,,70,,40,74,89,55,,40,73,40,53
关浩初,102班,180102027,53,51,40,63,91,,,45,69,80,77,50,58,54,68
邵华清,102班,180102028,76,77,,97,60,,99,,58,58,,60,,86,
孙开诚,102班,180102029,47,61,,,83,,100,,78,70,,,80,,50
龚飞星,102班,180102030,,,65,92,66,,,43,99,98,50,,71,90,60
石彭彭,102班,180102031,50,85,,,85,83,55,42,,,,53,,41,85
聂和韵,102班,180102032,,94,44,89,46,94,51,,,,,43,80,72,
蔚彭彭,102班,180102033,50,,,,63,84,,51,59,,64,81,75,65,
公雪松,102班,180102034,75,80,,,56,,49,91,,,68,,74,45,
庄俊楠,102班,180102035,,77,72,,72,52,100,79,88,74,,58,86,,52
景和璧,102班,180102036,72,,75,,84,58,43,84,,45,52,,87,49,94
巴俊力,102班,180102037,68,,96,91,,42,45,,,71,,62,79,82,
璩康裕,102班,180102038,,46,,53,59,75,54,,89,,,,72,91,
汲明德,102班,180102039,60,43,80,46,72,83,47,,68,81,59,40,45,,
申丰羽,102班,180102040,94,46,97,49,99,56,97,98,74,41,70,50,97,,47
籍凯安,102班,180102041,,85,44,,,,,,86,83,61,61,58,71,
黄兴腾,102班,180102042,61,79,65,,54,76,,93,75,41,56,93,81,59,
邰君昊,102班,180102043,89,42,66,46,95,,54,97,,97,48,58,95,,86
许承基,102班,180102044,,,,,77,,50,93,60,,56,,92,76,97
莘俊杰,102班,180102045,,,50,,,91,,52,100,85,77,,,,80
步阳成,102班,180102046,40,99,71,,46,73,83,60,65,55,,90,,,
班烨华,102班,180102047,85,95,,77,81,48,82,85,70,63,55,,72,84,
赵良平,102班,180102048,83,82,,,41,94,61,84,,95,95,95,,,
边飞航,102班,180102049,68,47,,42,,,58,57,56,56,55,91,67,99,40
牧弘大,102班,180102050,,40,95,,51,,,64,,51,95,,40,100,43
家正雅,103班,180103001,58,,95,,87,,64,86,,,,,57,74,94
邴明轩,103班,180103002,94,45,88,76,,94,67,98,57,52,57,53,92,53,64
戴正德,103班,180103003,,,65,82,41,41,84,52,,44,42,,40,88,100
孔嘉勋,103班,180103004,66,86,92,44,,49,79,,,41,92,48,87,40,
郏鸿煊,103班,180103005,69,76,63,,80,,,41,43,51,43,48,91,86,73
乜英卓,103班,180103006,67,63,,,,95,69,63,,,42,98,50,,90
慎宏恺,103班,180103007,42,73,80,83,78,76,42,88,58,,70,,90,,87
方信厚,103班,180103008,64,74,,,,83,47,92,,,60,59,,94,
乔安晏,103班,180103009,,,,56,,67,80,76,49,,63,41,90,,99
仰永嘉,103班,180103010,49,58,,56,,98,,73,61,,54,,56,79,
公弘义,103班,180103011,89,54,68,73,,,,55,59,60,93,96,,81,
邰正文,103班,180103012,,94,,,65,86,,,77,46,62,68,52,45,
程元德,103班,180103013,42,78,67,60,84,,57,76,88,54,74,68,70,44,99
敖鸿飞,103班,180103014,,,87,,56,,,71,88,67,,90,,,95
石英卓,103班,180103015,,71,,43,,97,85,,60,59,71,65,,,
寇修竹,103班,180103016,94,43,74,95,89,66,45,69,45,59,100,,56,,
劳良骥,103班,180103017,93,,63,76,53,49,86,44,75,91,61,59,,,62
勾元明,103班,180103018,61,46,99,,53,,65,,,,79,,,,97
须昊天,103班,180103019,,98,74,97,,,97,94,55,83,71,,46,81,
池文昌,103班,180103020,69,90,74,64,84,,69,49,,40,87,,100,64,
阎兴发,103班,180103021,80,45,100,75,,44,68,,,77,54,46,,51,
农阳羽,103班,180103022,75,,,94,69,83,68,81,,97,,58,70,78,92
相承嗣,103班,180103023,,77,,,67,63,,51,,,,81,98,66,
蓬飞掣,103班,180103024,51,,,,75,72,42,84,,81,49,40,,54,
董星海,103班,180103025,91,75,61,75,69,,,83,,83,,89,,,50
焦天成,103班,180103026,,58,,,92,85,95,63,,,56,,,,45
蓟开宇,103班,180103027,,89,,45,83,72,,89,82,,58,95,61,,97
金欣然,103班,180103028,64,84,57,,43,62,,74,,62,83,95,41,,
仰文山,103班,180103029,,87,45,,73,55,51,40,43,100,61,54,87,,
能宏浚,103班,180103030,68,88,,,71,40,47,48,,99,65,52,65,78,41
焦致远,103班,180103031,53,70,,73,78,44,72,53,61,47,60,45,66,100,63
茹茂彦,103班,180103032,94,,,43,99,,91,49,50,,80,46,64,74,
尚经义,103班,180103033,78,60,43,64,73,,60,,,80,97,84,81,55,
董星驰,103班,180103034,,49,74,98,42,85,55,,75,97,94,,77,,45
申元思,103班,180103035,,92,46,49,65,46,76,82,60,,84,46,73,90,
程天宇,103班,180103036,89,57,85,92,,,94,,,,,,62,,82
漕兴昌,103班,180103037,,42,59,45,80,89,76,100,41,98,68,45,99,91,48
车康适,103班,180103038,83,40,86,,94,97,83,54,,84,96,44,,76,71
石阳华,103班,180103039,56,62,96,86,,58,,88,47,85,,86,61,85,68
万志强,103班,180103040,,44,74,,,,,87,,58,57,,,99,
慎飞扬,103班,180103041,98,50,,,87,83,70,100,,48,97,45,,96,
罗俊名,103班,180103042,70,67,77,42,58,42,,,43,72,,,90,98,87
欧晓博,103班,180103043,,,,,45,68,96,88,81,51,80,100,,,
卓俊智,103班,180103044,47,,86,,98,93,74,96,68,60,,,,44,96
蒯博涉,103班,180103045,91,,,,,94,100,,,,74,69,,52,67
融智鑫,103班,180103046,48,45,54,49,100,72,,,,95,,89,,,59
余兴修,103班,180103047,64,65,,73,75,55,,,,63,,59,59,70,43
张乐安,103班,180103048,95,,92,98,53,85,82,,,47,76,90,,53,74
宁良奥,103班,180103049,69,,54,41,,,,77,,99,91,51,,,98
通经国,103班,180103050,60,,81,,45,61,,87,,90,,49,74,64,
游鹏赋,104班,180104001,40,86,94,,76,88,74,,73,,,96,65,50,
饶文昌,104班,180104002,,65,45,69,,,,,40,,85,83,56,70,82
那涵涤,104班,180104003,63,,100,72,68,61,98,,57,92,42,94,,81,
终永新,104班,180104004,,72,87,,58,,,76,76,51,81,76,,,51
范阳煦,104班,180104005,,95,,,58,53,,,,,93,63,71,58,78
籍嘉茂,104班,180104006,95,68,54,84,77,70,60,50,,,74,,54,41,
暨天泽,104班,180104007,52,,69,49,,55,75,47,48,98,49,90,91,50,99
薛浩大,104班,180104008,90,100,49,88,48,69,81,87,,82,92,53,85,72,
隗向荣,104班,180104009,58,59,,54,,58,64,92,58,68,74,,84,59,47
何蕴涵,104班,180104010,60,,42,73,53,61,92,55,45,65,58,,,,
师成周,104班,180104011,49,,,,,45,64,67,,56,78,45,,80,40
弘阳旭,104班,180104012,80,40,,,75,52,,66,71,98,91,,84,94,89
姚弘懿,104班,180104013,47,54,77,59,46,57,40,55,62,,,,96,52,79
利锐精,104班,180104014,,78,69,53,65,74,72,96,65,,73,90,,,59
邰飞舟,104班,180104015,45,,,97,40,64,,55,44,,,51,,74,41
容元忠,104班,180104016,100,,83,,45,40,,86,79,,43,86,74,46,49
菱意蕴,104班,180104017,53,,,,85,60,84,82,61,,77,51,,46,71
廖俊达,104班,180104018,81,70,64,,40,86,42,,75,63,74,,77,86,
唐飞星,104班,180104019,,,78,91,59,,68,87,74,84,,,98,,
曹兴朝,104班,180104020,,65,57,74,,,78,66,43,,76,60,,,
翟星光,104班,180104021,72,,76,95,91,100,,100,78,,,,,,75
曹元凯,104班,180104022,100,72,,46,100,,76,100,83,,100,,,,95
堵智志,104班,180104023,97,,,76,71,54,67,47,87,,,100,64,,82
祖华彩,104班,180104024,100,,,,55,,,,73,50,70,75,46,93,94
贡华彩,104班,180104025,100,81,76,59,67,,51,49,,,90,,52,,78
耿光临,104班,180104026,69,99,,,,41,98,73,58,75,81,,73,88,
相雨华,104班,180104027,,92,,65,83,58,,,58,,42,68,,92,
聂嘉致,104班,180104028,83,97,85,43,,,90,42,46,45,46,50,91,89,91
戈子琪,104班,180104029,75,,66,42,,57,,92,,,43,86,94,,94
晃新立,104班,180104030,95,94,87,,,,83,,91,69,60,81,49,,60
乜熠彤,104班,180104031,96,68,66,95,50,84,,54,91,47,48,99,68,,
赖嘉誉,104班,180104032,,69,80,82,,61,43,64,76,58,92,,67,,
江和安,104班,180104033,,41,,,,63,,92,,,,51,57,,
暴英彦,104班,180104034,57,,78,40,61,54,82,94,50,,72,,,86,48
利华藏,104班,180104035,51,97,81,,,59,,,93,,,,,69,88
朱心水,104班,180104036,70,67,,92,,,,50,55,74,45,63,51,99,92
朱鹤轩,104班,180104037,59,82,,96,43,43,83,,97,,86,83,59,95,
方宏富,104班,180104038,67,,57,,86,73,,,78,,79,67,,78,63
益建章,104班,180104039,,82,90,83,42,97,47,,,78,,71,64,,
黎天成,104班,180104040,50,,,66,,53,56,71,56,63,87,59,76,77,40
莘志业,104班,180104041,,54,95,92,76,,,82,58,,70,68,47,62,
益乐章,104班,180104042,61,75,71,,52,55,63,86,51,,54,100,56,,46
易雨华,104班,180104043,,46,,56,84,,99,50,,,,79,93,55,
羿开朗,104班,180104044,99,85,58,64,77,72,64,42,65,72,,80,,85,90
易鹏赋,104班,180104045,,68,,85,,,72,44,,53,,45,55,,47
宁星波,104班,180104046,,,58,48,83,45,90,,,56,45,,98,,
卢弘雅,104班,180104047,58,73,74,54,79,63,40,64,,75,77,,97,89,
黄永年,104班,180104048,,,46,75,,,,63,66,,53,,,80,92
冀嘉容,104班,180104049,65,100,,,68,,,88,,81,82,68,41,,48
于星火,104班,180104050,,70,62,44,42,66,51,,89,,,77,,60,81
索嘉祯,105班,180105001,79,,98,,50,49,,,,67,,89,92,87,86
禄玉轩,105班,180105002,,83,50,76,,,,,66,65,80,,,61,75
许景明,105班,180105003,55,65,,73,,99,60,80,72,,76,54,,84,77
尚英达,105班,180105004,67,,99,71,,,48,65,,54,48,89,66,82,89
刘烨华,105班,180105005,,,73,88,82,73,,73,43,97,82,77,51,45,
甄靖琪,105班,180105006,,,,80,48,68,,,,71,88,,,43,60
戌和韵,105班,180105007,74,93,70,100,,87,67,64,,58,83,62,41,,
萧建义,105班,180105008,56,62,69,42,74,79,,49,,65,95,68,72,99,
阎兴庆,105班,180105009,75,,40,48,,,73,,,,87,72,98,,73
刘乐悦,105班,180105010,67,,,61,65,56,49,,,57,,56,83,59,95
韩正奇,105班,180105011,52,,75,,90,,85,97,91,,70,,,87,
甄嘉谊,105班,180105012,,96,62,,,,,80,58,45,94,41,,,
戌致远,105班,180105013,,,99,92,73,40,82,83,,74,,,74,,63
王宏扬,105班,180105014,,93,52,42,85,42,77,72,74,73,,55,,68,49
戴永年,105班,180105015,74,,48,,61,,58,,66,90,97,,69,,
班智敏,105班,180105016,,84,,67,,53,51,82,,84,,100,63,55,94
浦浩穰,105班,180105017,,46,,55,,,60,63,76,,68,94,55,85,
田子平,105班,180105018,47,95,69,47,47,78,83,53,45,74,100,47,,98,81
钭曾琪,105班,180105019,60,92,,53,53,80,57,,,,43,89,99,97,62
阴明达,105班,180105020,49,57,,,70,,,93,90,,,72,,,70
司飞语,105班,180105021,,83,99,77,65,83,,,,79,83,97,92,68,41
逯睿德,105班,180105022,,51,52,56,,,,48,88,68,100,54,94,98,51
扈飞舟,105班,180105023,55,80,98,96,51,,,52,,63,94,,54,,45
苏绍祺,105班,180105024,,81,,,,69,54,46,79,,87,,51,,55
任鸿羲,105班,180105025,88,54,79,60,,52,84,,,86,81,83,45,97,
唐同方,105班,180105026,92,72,92,,67,93,77,42,,,63,53,93,58,
范伟茂,105班,180105027,,79,65,,,72,,69,71,42,90,,74,70,66
易雅逸,105班,180105028,41,86,,48,95,43,,,46,81,99,54,,95,49
索英范,105班,180105029,,42,,78,76,45,75,,74,,96,,66,100,99
充兴运,105班,180105030,70,68,50,71,92,,80,,91,,,70,68,83,83
薛明辉,105班,180105031,,,,96,,86,73,,67,97,62,43,,74,51
范兴贤,105班,180105032,,81,66,,65,83,44,,50,68,,43,,,64
宦泰华,105班,180105033,,95,,89,76,80,51,83,87,,66,59,,,
周学文,105班,180105034,42,,,67,,,,89,,,60,95,89,46,84
盖德泽,105班,180105035,90,,63,80,72,,,48,56,,56,62,43,69,98
养雅懿,105班,180105036,94,,46,,,54,,49,90,65,96,54,85,69,58
何阳荣,105班,180105037,,59,57,48,,,71,97,81,91,42,56,95,,45
景子晋,105班,180105038,64,77,,,,66,83,100,,60,87,88,,78,44
白鹏运,105班,180105039,75,57,72,52,58,,,40,88,46,,,89,,87
范修文,105班,180105040,60,,49,85,,,,87,41,85,65,71,62,76,
文志尚,105班,180105041,,42,59,72,,93,75,,,42,65,83,40,71,70
敖锐思,105班,180105042,,,78,,93,,54,89,82,86,68,77,,63,
晃伟懋,105班,180105043,61,66,79,,88,76,63,40,,78,76,,,72,45
卓博涉,105班,180105044,50,74,43,99,75,,76,,91,96,47,,71,74,58
毛阳波,105班,180105045,79,70,59,89,97,,78,96,48,79,53,,78,72,58
厉恺乐,105班,180105046,86,86,,61,54,55,,99,83,65,59,,64,,
蔚涵衍,105班,180105047,,90,,,73,86,,,,40,63,,,46,
宋高飞,105班,180105048,,94,,69,,48,,56,50,,83,55,77,49,
朱锦程,105班,180105049,52,,,75,,46,87,59,100,90,82,81,49,100,49
濮飞英,105班,180105050,77,,66,93,53,56,75,41,,,94,,58,66,
束景同,106班,180106001,87,78,48,,43,83,96,61,62,,,50,81,83,
孔修为,106班,180106002,58,,45,,,93,76,,,,74,,100,65,56
鱼弘博,106班,180106003,80,,72,,66,48,54,43,90,,,80,85,,
隆英卫,106班,180106004,,91,,65,87,,89,,43,85,,46,60,,84
叶俊德,106班,180106005,67,81,40,47,53,69,49,,93,96,,96,,90,
巴瀚玥,106班,180106006,88,,73,86,67,87,,51,71,98,,82,,,56
家和歌,106班,180106007,,72,,49,59,96,,90,67,92,41,83,75,67,67
沃茂彦,106班,180106008,55,71,47,75,,65,54,92,,,88,52,,,84
充光远,106班,180106009,68,,92,78,43,86,63,95,68,71,,,63,49,62
侯锦程,106班,180106010,48,,59,76,89,61,94,93,100,77,81,90,93,100,40
弓兴朝,106班,180106011,90,90,98,40,52,,90,67,47,89,,76,45,68,63
邵正谊,106班,180106012,60,68,,95,55,,,43,75,58,,97,98,69,70
牧文光,106班,180106013,66,47,98,,91,,,,92,82,50,,85,,70
逢俊名,106班,180106014,85,,84,86,,73,,70,50,,63,43,74,70,93
羿锐锋,106班,180106015,62,90,,55,83,54,40,,48,86,82,88,68,,95
牛飞飙,106班,180106016,,,93,,81,92,,,,,40,,80,,80
万承宣,106班,180106017,56,87,92,80,84,52,69,47,64,81,64,,,48,57
乜开霁,106班,180106018,,53,,44,53,,75,,,57,95,52,61,,74
晃光熙,106班,180106019,83,,78,54,85,,44,,42,76,,53,96,,46
惠志泽,106班,180106020,73,95,94,89,77,,,84,46,41,71,,77,,85
权滨海,106班,180106021,,,45,99,58,57,86,74,68,85,80,100,,,
厍安民,106班,180106022,,,,92,,96,67,86,73,67,59,,,40,64
傅浩浩,106班,180106023,,,,,48,94,,63,99,58,50,,87,58,75
瞿新霁,106班,180106024,74,78,46,63,58,80,69,,49,69,,95,65,,60
濮永寿,106班,180106025,79,63,76,87,44,51,66,54,,,,40,98,,
乜华藏,106班,180106026,88,,93,61,93,84,,91,73,71,52,55,64,93,91
权才俊,106班,180106027,93,,,88,,,58,,85,,,57,95,,42
巢濮存,106班,180106028,91,,46,,,81,78,,72,79,87,59,86,73,100
步承泽,106班,180106029,68,,,56,100,41,67,92,91,,40,56,,,
莘建本,106班,180106030,,92,,41,,,57,93,80,99,82,,,,59
燕文柏,106班,180106031,60,,51,42,,87,42,96,,,64,72,64,86,82
庄勇男,106班,180106032,,91,,,54,,57,54,91,67,66,95,42,,
车承运,106班,180106033,99,59,,,54,,94,,83,57,54,64,,57,
乜和玉,106班,180106034,85,81,94,96,97,,49,48,,66,,46,,96,43
胡祺然,106班,180106035,,,57,,55,97,69,96,,,53,56,,69,99
林玉宸,106班,180106036,67,93,63,63,,90,87,45,,47,88,,40,47,46
毛天罡,106班,180106037,,,58,96,,,61,,77,,75,97,,90,56
崔天骄,106班,180106038,86,,,73,97,,97,79,79,94,,71,69,,91
莘彭湃,106班,180106039,93,48,,76,82,80,97,63,48,97,55,45,,91,77
刘嘉泽,106班,180106040,99,44,45,99,,56,78,,77,50,,49,86,70,90
孟昊天,106班,180106041,62,97,44,65,82,63,,86,66,,,93,54,77,92
钭文滨,106班,180106042,,87,,40,75,62,,85,83,54,83,,56,44,
家志行,106班,180106043,84,51,66,40,57,66,98,86,,40,47,,69,46,
江修竹,106班,180106044,,,,,80,,84,,82,,72,61,46,,66
羿欣嘉,106班,180106045,57,,,,54,87,,51,74,78,,54,81,57,98
蒲和光,106班,180106046,96,92,81,55,51,62,48,50,79,59,,78,,,
祖英喆,106班,180106047,74,62,,,82,,94,,77,80,,,65,,
龙弘博,106班,180106048,88,,66,80,,57,57,88,,43,93,53,42,75,49
沈文光,106班,180106049,76,57,93,63,70,97,100,68,42,,68,,,,46
李思聪,106班,180106050,,98,45,,94,84,66,,,57,41,43,70,,49
温奇志,107班,180107001,,,,96,49,86,62,62,56,49,56,66,64,,74
巴翔飞,107班,180107002,,79,,,,82,81,94,77,68,97,65,,78,70
步俊语,107班,180107003,59,57,54,,80,90,43,84,83,46,80,76,,88,60
厍毅然,107班,180107004,71,45,65,48,76,86,68,,,,,58,97,,62
堵浩初,107班,180107005,78,66,63,65,64,99,,,70,57,81,81,,73,40
饶兴平,107班,180107006,73,,54,88,,47,,55,89,62,80,43,52,53,
公经略,107班,180107007,99,72,89,,,61,,52,,81,52,52,78,59,82
温承安,107班,180107008,83,,59,90,45,,43,48,,79,41,52,65,86,88
廖高峰,107班,180107009,,,81,83,54,48,59,,,61,43,,96,,
蔡奇文,107班,180107010,97,,,,62,,,55,,,97,,97,,
师浩大,107班,180107011,81,90,44,,,79,40,,58,51,78,46,62,,95
司凯唱,107班,180107012,97,42,56,87,93,96,97,99,80,77,75,76,61,,
阙明远,107班,180107013,54,70,51,59,58,65,41,,58,87,46,57,,78,68
边高畅,107班,180107014,80,61,,,56,,45,50,41,58,64,74,,,68
苍才俊,107班,180107015,,100,,89,72,89,56,,69,93,87,68,81,79,64
郏承载,107班,180107016,95,50,,,,54,,44,,75,71,,,52,
黄英武,107班,180107017,,91,,91,,40,75,79,,84,62,78,51,,
伊博延,107班,180107018,,100,98,78,,75,,81,,68,,42,40,87,42
魏星宇,107班,180107019,45,66,40,40,40,86,71,,43,65,,87,98,,85
江安顺,107班,180107020,41,85,91,56,,85,,50,,,68,61,,59,56
双康健,107班,180107021,98,,91,,82,44,,58,68,74,83,81,,40,51
罗英勋,107班,180107022,,,,,97,,,96,,,,61,,62,60
丁鸿羽,107班,180107023,92,,61,84,67,72,56,62,53,61,,,,88,
游鸿才,107班,180107024,41,,55,,,53,100,58,,61,,82,55,54,
曹飞星,107班,180107025,,49,,68,69,61,58,,,,70,,,,
文元勋,107班,180107026,87,,,49,,66,,74,68,53,74,58,91,61,54
冀良工,107班,180107027,45,67,84,73,81,50,72,,,78,,42,60,69,53
璩德容,107班,180107028,68,62,,89,50,,,49,99,79,,83,,98,87
丁弘盛,107班,180107029,,43,,55,88,,89,42,,73,99,81,,,
禄敏达,107班,180107030,56,67,67,84,75,83,,96,,94,99,49,70,71,57
阙浦和,107班,180107031,,96,100,40,42,65,,,,92,86,74,92,59,72
苏鹏涛,107班,180107032,41,61,78,56,,,,,51,,,,,,
融永新,107班,180107033,,,,,52,86,100,43,50,,,100,94,94,69
于嘉年,107班,180107034,71,87,,53,77,94,,,42,89,,,69,76,
王浩荡,107班,180107035,87,,51,,50,60,,48,45,86,87,77,48,,86
罗和畅,107班,180107036,73,90,,42,94,,62,,60,67,45,45,57,,67
沈凯捷,107班,180107037,94,,75,58,77,,68,,,,67,79,66,,52
融靖琪,107班,180107038,88,42,54,,84,51,48,61,80,87,,56,87,61,
廖博学,107班,180107039,,,,42,53,69,73,,,,,50,97,58,40
熊温文,107班,180107040,49,,95,57,,47,64,,97,,88,53,81,,88
戴元恺,107班,180107041,83,80,41,93,98,77,75,,73,,,,,66,61
王博易,107班,180107042,40,68,,,42,,70,58,54,,80,75,76,,98
乜嘉树,107班,180107043,45,75,,,48,58,56,99,,89,66,69,91,49,65
伊奇思,107班,180107044,56,63,,,84,,58,59,77,47,,,,,92
厍才捷,107班,180107045,40,83,89,,61,,59,,77,100,44,63,85,,93
边星辰,107班,180107046,54,71,,50,,,,,50,,82,55,84,,
益晗昱,107班,180107047,58,40,72,82,71,,72,,99,77,72,83,55,60,52
冉乐和,107班,180107048,73,63,,,,61,,,94,,,67,70,40,
农和泽,107班,180107049,91,84,56,,,86,67,61,71,,41,,76,84,83
游茂实,107班,180107050,41,,48,,74,,44,54,,64,41,40,,50,93
桂正信,108班,180108001,,78,98,45,,,81,,89,92,,,,82,50
居凯乐,108班,180108002,84,,99,98,,,,89,48,,71,,96,,61
白茂勋,108班,180108003,83,91,,,,85,,92,42,,68,,76,47,79
汤良吉,108班,180108004,86,,84,68,42,,70,55,92,94,,99,85,84,66
武烨磊,108班,180108005,72,92,73,93,52,,79,42,89,98,53,,,,52
燕远航,108班,180108006,51,98,83,98,98,,45,,98,,91,64,69,,
漕俊力,108班,180108007,58,70,55,,92,,80,77,56,53,96,73,44,78,73
翟英博,108班,180108008,,46,,62,74,92,,,,99,66,49,,,72
仰伟才,108班,180108009,89,95,46,54,87,76,69,98,,80,72,,52,,66
胡彬炳,108班,180108010,,61,,,,,,,,54,,,55,76,
慎高达,108班,180108011,61,,,40,,54,60,,,59,79,,46,84,87
厉英锐,108班,180108012,63,97,,42,41,,,,,,72,91,96,81,
任英朗,108班,180108013,,58,49,75,69,67,,,,,53,89,78,,95
宋俊友,108班,180108014,98,40,53,43,83,,45,,,46,,,52,46,69
赖和悌,108班,180108015,91,,89,,,65,72,70,93,,,46,64,71,
晃兴平,108班,180108016,65,41,85,,85,,63,62,,63,,96,89,,
牧星辰,108班,180108017,,93,,,96,42,62,81,91,,89,,,56,40
向高韵,108班,180108018,40,40,,,90,56,40,73,97,,47,62,100,91,56
松向文,108班,180108019,48,65,99,,66,,83,,92,92,44,45,,89,
邰嘉誉,108班,180108020,48,69,,62,55,,,61,66,42,40,97,,,51
隗子轩,108班,180108021,47,72,96,74,,84,,68,60,,60,88,99,,
禄锐达,108班,180108022,98,,,,52,100,,76,98,,66,,73,,56
广文轩,108班,180108023,94,87,49,,59,54,,77,86,72,51,,100,54,100
充建义,108班,180108024,,48,98,60,66,70,80,,64,51,81,56,40,56,48
赖宜然,108班,180108025,,,45,48,,,,,66,69,68,,,,53
曹哲瀚,108班,180108026,,63,90,,,49,47,91,47,81,89,,49,,
池鹏飞,108班,180108027,,78,,70,,47,70,72,,96,,63,43,68,62
蔡学真,108班,180108028,69,,,52,,58,87,95,,,73,71,,84,
廖嘉茂,108班,180108029,62,91,,91,92,85,75,74,52,97,77,78,89,41,95
汪俊哲,108班,180108030,43,66,68,63,,75,83,,88,70,91,41,,,
蒋嘉祯,108班,180108031,100,98,82,,72,94,,,,54,97,,,72,
熊博易,108班,180108032,51,47,100,66,54,67,,73,,58,97,98,,92,49
宓翰飞,108班,180108033,97,,,41,41,94,78,98,97,69,,63,58,,
班国源,108班,180108034,,85,60,92,76,,65,81,,93,50,56,,63,
邹志明,108班,180108035,84,50,67,,,71,,,47,45,,42,,,
怀鹏池,108班,180108036,96,68,,,,53,83,50,,62,73,53,,98,
卢力强,108班,180108037,44,,,63,,70,86,75,91,54,,,48,,
束高兴,108班,180108038,,60,65,58,,53,,65,41,54,90,,43,,
师和煦,108班,180108039,84,,89,,,42,,,45,,,53,,41,
邰浩渺,108班,180108040,75,73,88,,,44,63,65,71,,,,86,,
厍和裕,108班,180108041,,83,99,96,50,,,47,,76,87,54,49,93,83
盖天睿,108班,180108042,,48,73,68,74,46,91,84,,48,100,93,,,
隆志国,108班,180108043,,,79,,54,84,85,,97,,61,51,,69,
宫高韵,108班,180108044,78,78,92,76,53,44,47,,,,65,,81,,46
邴星阑,108班,180108045,,52,,,93,90,77,83,71,52,47,41,85,59,
芮奇希,108班,180108046,,80,43,94,94,57,,,,,56,52,94,,65
储敏达,108班,180108047,57,97,78,,87,,42,,93,79,,57,,80,
谭彬炳,108班,180108048,43,46,73,,58,81,,98,56,,,46,41,46,98
鄂正诚,108班,180108049,72,43,86,66,82,55,,47,53,75,54,,,50,92
卓光熙,108班,180108050,,,,75,79,82,47,66,,51,59,,40,64,
蒯明远,109班,180109001,46,50,,43,90,100,96,49,78,76,,43,100,92,64
贺和泽,109班,180109002,60,75,74,62,81,,,,72,41,85,,47,49,50
汪经业,109班,180109003,78,70,93,,92,,76,50,,58,43,60,74,44,86
邓越彬,109班,180109004,45,76,45,,83,64,94,68,99,78,,,74,95,
江文成,109班,180109005,80,56,83,54,93,42,93,96,,65,92,46,,80,
孔宜民,109班,180109006,,96,81,,60,70,99,41,55,71,100,56,,,61
邹浩涆,109班,180109007,63,73,,57,,82,88,45,72,,80,70,,53,53
罗睿诚,109班,180109008,,45,57,,,,97,86,70,78,,,44,93,
麴文彦,109班,180109009,84,47,77,84,85,41,54,59,,89,93,65,,,56
吴思淼,109班,180109010,91,100,94,61,,,,,,87,53,,88,48,71
寿晟睿,109班,180109011,95,,99,71,,,,64,99,,,45,72,,89
殳锐智,109班,180109012,,78,96,84,66,,91,,,42,92,58,46,88,82
李康安,109班,180109013,,,94,51,,87,86,81,,,,70,,83,40
任嘉祯,109班,180109014,,58,57,40,56,,49,60,,,40,77,52,,
蔚欣怿,109班,180109015,,68,46,,56,70,77,,,,85,46,,72,53
孙凯复,109班,180109016,90,44,41,75,65,61,83,66,53,,48,63,80,83,73
宿德本,109班,180109017,41,,75,42,67,,94,54,95,42,52,81,76,100,70
暨奇迈,109班,180109018,83,,54,54,,53,75,,,99,,,95,53,
闻兴旺,109班,180109019,66,96,59,,,,88,53,100,,58,92,46,46,56
逢元甲,109班,180109020,82,93,90,70,53,82,88,96,,,76,94,66,,
容志学,109班,180109021,68,,63,69,,,55,75,90,,,54,99,70,88
卢力学,109班,180109022,,79,70,,70,,75,86,89,66,50,68,,65,
程兴国,109班,180109023,100,48,48,,,,69,,51,96,61,,61,,
牧弘扬,109班,180109024,,,88,64,,,,49,,,76,72,78,47,
糜兴学,109班,180109025,,91,,46,,96,,99,85,,,61,,66,94
王伟才,109班,180109026,84,,,,,79,,,45,,50,,90,,
彭俊哲,109班,180109027,,73,,,62,93,,97,77,,76,,77,68,63
祖季萌,109班,180109028,87,,68,,88,82,85,57,41,41,78,100,42,58,45
王雨星,109班,180109029,42,56,,47,,,,44,,42,99,,,,
龚泰和,109班,180109030,90,59,77,,67,51,60,,90,50,,46,74,,96
权永言,109班,180109031,63,65,92,47,88,,56,,51,69,,95,88,67,98
厍乐意,109班,180109032,71,87,76,100,62,76,62,,79,65,62,59,50,,41
汲同光,109班,180109033,,,52,,65,,,,,83,,55,65,86,47
魏高峰,109班,180109034,49,,,87,,64,50,,46,,,,95,42,41
巴俊雄,109班,180109035,,66,91,59,,60,,64,55,41,,71,85,45,74
公永怡,109班,180109036,,76,68,,40,,73,,91,45,89,,91,82,79
王苑博,109班,180109037,72,,,,,,,63,59,83,85,65,97,82,
池兴平,109班,180109038,80,52,65,65,99,77,57,,,,,83,58,,96
彭鸿煊,109班,180109039,70,48,67,,,43,,81,,72,59,53,92,,98
甘乐成,109班,180109040,,68,82,40,52,97,83,92,51,55,,90,,42,
麴鹏程,109班,180109041,,,86,,,,70,62,59,60,65,66,,54,
池英资,109班,180109042,71,66,50,79,,73,,58,74,79,46,96,,,62
范健柏,109班,180109043,97,,,,48,,46,77,93,46,85,49,,69,
谢立诚,109班,180109044,80,78,66,,52,59,89,,81,72,,,,,71
莘志尚,109班,180109045,88,40,49,68,77,,,78,91,78,,61,86,,
屠奇玮,109班,180109046,47,58,78,,,97,,60,56,70,45,57,,66,53
暴鸿煊,109班,180109047,73,70,95,75,77,93,,43,,46,83,86,90,97,59
彭和平,109班,180109048,,75,,52,75,,87,67,,,,,,64,77
苏彭薄,109班,180109049,59,94,,71,53,99,77,,98,70,55,,,,94
董嘉志,109班,180109050,,45,95,,,96,96,91,,,77,90,70,50,58
杨涵蓄,110班,180110001,,73,98,88,,44,81,,,81,61,,,90,43
宰博瀚,110班,180110002,96,44,66,86,64,81,64,,83,,,52,40,83,
牛飞羽,110班,180110003,88,,,74,100,,67,98,95,93,,,44,82,
鄂鸿哲,110班,180110004,,73,65,72,43,60,,,,78,,,79,64,47
秦才良,110班,180110005,63,83,,,44,77,84,88,69,,61,51,64,,40
漕茂勋,110班,180110006,82,,97,,86,80,,48,88,45,,,48,78,99
逢朋义,110班,180110007,,78,,58,,67,82,77,,,59,57,44,69,80
段昂然,110班,180110008,70,73,68,71,71,,95,93,,100,51,91,,95,78
乔翔宇,110班,180110009,,72,,50,57,95,68,60,,,48,52,,49,61
双雨伯,110班,180110010,,,,67,,,,,,,53,,81,90,40
蒯泰平,110班,180110011,69,,78,76,55,60,,75,71,87,92,43,60,,64
班鸿福,110班,180110012,,68,83,,74,62,75,,,,89,,,91,
何宏畅,110班,180110013,87,86,60,40,78,52,45,55,92,98,,,73,85,
卢毅然,110班,180110014,,54,42,89,78,68,84,,75,63,95,85,84,90,80
薛自明,110班,180110015,82,77,,46,,79,58,,,62,52,81,63,,83
牛信厚,110班,180110016,48,76,,,71,,66,93,79,44,68,,,82,
甘思博,110班,180110017,,80,58,100,67,96,65,99,,,57,67,55,,96
逯修能,110班,180110018,45,51,94,85,59,71,84,,,40,,,84,,
吴浩涆,110班,180110019,45,94,,41,42,,60,88,58,65,46,,,42,66
饶浩博,110班,180110020,47,81,,46,65,81,84,69,,96,89,,91,83,95
邱泰华,110班,180110021,,78,,68,93,42,,65,,,44,,50,59,83
寇飞鸣,110班,180110022,69,76,92,44,86,,,86,61,83,73,,67,93,
习光远,110班,180110023,100,71,,89,,,,63,82,67,,42,100,65,48
蒲阳辉,110班,180110024,,91,40,,83,93,69,59,,78,65,,83,41,
厍英卫,110班,180110025,99,43,66,95,81,71,,,67,73,,96,85,75,66
翟景曜,110班,180110026,84,,76,57,,59,44,,54,,65,,63,,60
隆晓博,110班,180110027,82,,64,55,54,91,48,46,77,73,84,71,90,,
饶浩歌,110班,180110028,78,82,,99,89,,,78,49,,,67,,60,
汲修杰,110班,180110029,86,60,64,,,74,48,,75,43,40,93,73,94,62
阚欣嘉,110班,180110030,49,68,49,99,,52,,40,99,65,78,82,76,,78
漕嘉悦,110班,180110031,54,,98,93,53,,,,76,60,,91,95,52,65
乌承运,110班,180110032,48,85,65,81,,66,100,,62,91,77,43,,59,53
燕和裕,110班,180110033,85,,48,,,88,87,,69,64,,97,70,61,
方良骏,110班,180110034,85,75,79,91,,95,77,64,,,80,,45,64,88
蒙永怡,110班,180110035,,89,83,82,76,61,90,76,47,,,94,97,60,73
利飞宇,110班,180110036,,87,41,50,75,46,,42,,89,86,83,,64,95
印博简,110班,180110037,,,90,68,73,,68,93,,,,66,92,65,62
卓阳晖,110班,180110038,41,64,69,,91,53,86,70,66,96,66,,97,76,40
聂博达,110班,180110039,,62,98,,83,,64,94,65,66,67,46,,60,
邰和光,110班,180110040,,,95,,65,,71,,81,,58,,74,,96
马安澜,110班,180110041,74,,,,51,94,,,92,95,64,,48,96,45
康伟晔,110班,180110042,50,100,97,,,,,,82,,,,98,70,77
丁安国,110班,180110043,77,,,92,84,100,82,62,70,95,78,85,47,,55
汤俊力,110班,180110044,,40,,,,41,86,,,,,48,66,47,82
养刚捷,110班,180110045,66,78,75,78,,,,69,,95,92,90,76,98,54
戌乐山,110班,180110046,,72,92,96,55,,80,,,,43,48,,95,68
苏乐游,110班,180110047,,45,41,91,56,71,55,,47,,85,,96,,52
居博易,110班,180110048,80,42,99,,,,91,61,80,,61,65,,89,
边和歌,110班,180110049,95,,57,94,58,66,59,68,,,90,59,,,
梁德本,110班,180110050,93,,,53,90,51,54,84,,45,,45,83,,75
储乐成,111班,180111001,,,,84,41,100,73,64,,,86,77,,57,95
厉嘉赐,111班,180111002,79,64,50,69,85,43,93,94,71,94,61,76,,74,76
邵高岑,111班,180111003,,74,83,76,73,74,69,76,90,98,,65,,,
越和泰,111班,180111004,68,89,82,,56,81,98,100,89,41,,53,95,75,100
龚文华,111班,180111005,,45,96,79,,43,92,86,52,56,78,66,73,56,60
吴安国,111班,180111006,49,,72,88,57,63,82,65,72,82,75,42,90,,
苏嘉茂,111班,180111007,92,75,75,85,,94,93,,,75,,57,,59,
袁天元,111班,180111008,45,,78,46,41,100,81,94,,,,41,,82,64
盖兴文,111班,180111009,49,74,48,94,88,,91,89,,,72,88,79,,81
蔡滨海,111班,180111010,77,,71,,,52,,53,,,95,52,58,69,
殳英达,111班,180111011,94,75,81,79,79,,,,,,45,,60,49,82
桂博文,111班,180111012,92,,,,86,69,87,,57,,73,47,90,69,
戈晗昱,111班,180111013,,73,59,78,79,,69,53,57,,,60,,97,
浦嘉德,111班,180111014,,81,91,73,69,63,72,66,85,98,81,77,,,41
乔高昂,111班,180111015,84,53,86,92,,72,,,,84,93,,94,,
后自怡,111班,180111016,85,77,92,40,,91,41,,56,78,,75,,63,
逢蕴藉,111班,180111017,,40,,52,63,71,88,47,51,65,75,60,,,54
王成天,111班,180111018,51,,55,,,,,71,86,45,69,52,88,87,
邰茂彦,111班,180111019,,,72,77,45,86,56,48,73,98,,,41,,97
赖高明,111班,180111020,74,90,,61,52,71,79,99,90,71,52,63,56,,52
詹雅惠,111班,180111021,48,84,65,,,68,,52,56,,46,,,99,
胡正雅,111班,180111022,50,,90,91,100,86,94,65,,57,52,,48,52,49
庾曾琪,111班,180111023,74,60,93,96,,100,87,,40,88,88,100,66,55,
利德业,111班,180111024,57,,45,94,64,,58,89,72,61,74,60,,,
籍天华,111班,180111025,99,92,71,78,74,88,,65,66,,,93,48,50,55
傅高翰,111班,180111026,,,56,,43,94,53,78,,55,,,90,80,63
符兴思,111班,180111027,56,,40,,61,76,49,79,74,43,53,82,46,,77
詹德本,111班,180111028,,74,93,76,95,,83,67,,,90,,56,72,58
璩巍奕,111班,180111029,66,40,42,,47,59,54,77,70,40,,,40,,
江天成,111班,180111030,77,88,88,88,53,,,,52,78,,49,,,95
简嘉祥,111班,180111031,62,46,69,95,98,89,86,59,81,69,,,50,57,53
双宏硕,111班,180111032,91,65,87,,100,72,,99,,99,89,,43,,
巢嘉平,111班,180111033,49,80,89,59,65,,46,54,98,74,95,88,,41,
甘文星,111班,180111034,,,66,71,67,,54,73,40,,41,,,69,81
满雅逸,111班,180111035,83,42,74,85,,85,65,59,,,74,97,99,,
鱼星华,111班,180111036,52,77,94,70,61,,94,85,68,83,56,72,,50,98
马明哲,111班,180111037,,49,80,95,,57,95,40,74,97,61,89,59,,62
盖宇寰,111班,180111038,40,,79,62,,91,51,58,83,,80,40,100,49,56
曹成文,111班,180111039,66,51,46,90,71,78,76,76,94,93,,52,88,53,58
聂刚豪,111班,180111040,60,,76,,81,41,99,66,,80,53,98,73,71,44
杜承平,111班,180111041,74,40,47,86,,,,,79,40,40,80,78,54,
后正德,111班,180111042,,95,94,,61,70,64,,,75,71,,53,64,56
蒙睿思,111班,180111043,49,53,70,77,50,84,91,,79,48,69,48,70,,98
易宏博,111班,180111044,88,,80,72,,,94,73,,98,53,60,88,80,85
常弘壮,111班,180111045,,,,47,50,,,,68,54,72,94,,,
丁凯泽,111班,180111046,,86,61,,71,80,42,63,,85,51,61,83,66,72
冯高义,111班,180111047,,61,,44,49,,52,51,90,45,,45,55,73,
赵和惬,111班,180111048,96,65,96,63,69,73,92,,,55,,77,98,48,
魏宏盛,111班,180111049,,75,84,96,54,76,73,75,,85,82,68,69,60,77
束阳飙,111班,180111050,,93,59,43,,100,53,52,54,84,,,45,44,40
菱英喆,112班,180112001,79,,77,82,,81,,,41,90,,77,80,,50
怀鸿福,112班,180112002,67,72,67,,,75,,41,,77,100,84,,,99
容飞文,112班,180112003,,,88,68,90,,82,57,78,48,83,47,,93,96
浦涵蓄,112班,180112004,67,87,,,,,43,,,40,,54,70,89,50
麴乐悦,112班,180112005,61,55,77,52,70,,,,,,72,76,48,69,
阚凯乐,112班,180112006,57,,,53,62,47,86,40,,,52,,78,47,51
黄睿慈,112班,180112007,63,44,45,63,55,,,40,88,41,95,,,,41
顾鸿波,112班,180112008,96,,54,,79,,84,57,91,,42,69,72,58,79
曾志业,112班,180112009,85,50,,,52,79,69,,90,,,59,,,
饶博雅,112班,180112010,46,51,,40,,99,74,67,93,93,96,59,,92,57
高德业,112班,180112011,41,46,,76,,61,44,97,86,99,93,,99,55,81
利德辉,112班,180112012,42,42,49,,69,51,42,78,64,66,,69,,84,61
乌飞章,112班,180112013,58,87,80,,99,69,69,48,59,51,76,,53,58,
殳兴生,112班,180112014,,,73,,,78,,64,92,97,,90,90,43,41
益华采,112班,180112015,47,90,75,54,57,49,47,,88,,49,99,,,73
雍奇文,112班,180112016,79,,47,56,,64,67,,57,91,,91,45,,69
易学真,112班,180112017,82,51,66,77,55,60,71,87,54,,80,55,,,94
能展鹏,112班,180112018,,,,,95,92,,62,,69,69,,,57,92
秦和畅,112班,180112019,,54,56,54,73,,,69,,57,54,62,,,54
宦明珠,112班,180112020,79,46,,62,73,,,71,,42,,85,56,,
林志勇,112班,180112021,63,,47,95,99,65,,87,,,85,45,66,75,
龙高丽,112班,180112022,48,69,,78,,57,84,46,55,51,,59,53,,98
黎元凯,112班,180112023,,96,84,42,76,,80,99,98,56,79,58,64,,92
钭宜然,112班,180112024,,77,76,53,,75,,,,,,64,62,64,
曾宏才,112班,180112025,,74,,,,,87,96,85,63,73,66,94,92,74
厍元武,112班,180112026,,57,42,69,,,,98,,,,,87,,98
蒯文柏,112班,180112027,,91,75,65,84,64,85,,40,97,70,,,,
冉烨然,112班,180112028,40,42,,,,48,,47,50,,45,82,96,53,87
宰鸿朗,112班,180112029,88,,48,99,79,94,,75,,,,,,47,
龙濮存,112班,180112030,87,40,54,89,,,,56,69,87,67,42,83,83,50
曾明轩,112班,180112031,79,91,82,83,41,71,73,64,97,80,66,40,,,90
傅建弼,112班,180112032,,96,,90,94,47,74,,72,62,,,89,,
宁光赫,112班,180112033,76,73,47,,74,64,,92,100,74,,45,76,,50
谭乐意,112班,180112034,,40,73,79,99,,92,81,43,92,40,61,95,40,
那雪风,112班,180112035,,,,90,,87,,,59,50,46,67,,58,
寇明知,112班,180112036,77,56,93,47,49,,,77,,63,,100,,98,53
松高翰,112班,180112037,60,40,84,,,66,90,60,,49,,63,40,92,48
家俊友,112班,180112038,47,47,,,,81,,87,47,,62,,88,,
廖阳辉,112班,180112039,,48,42,61,65,46,74,98,,100,48,,59,,
尹恺乐,112班,180112040,45,89,46,62,,61,,89,,53,,90,,47,40
能涵忍,112班,180112041,,86,,,55,98,,71,94,,78,,71,,83
焦俊拔,112班,180112042,73,75,51,,,82,,56,100,,59,,61,97,69
贺雪风,112班,180112043,62,,,,,42,43,,99,47,91,54,79,79,70
寇明哲,112班,180112044,52,60,88,80,,,,87,,,72,49,,90,97
蒲伟祺,112班,180112045,84,93,55,,,,,68,89,65,46,54,90,,
靳天禄,112班,180112046,84,89,45,,,71,,54,76,68,55,,85,,
毛瀚漠,112班,180112047,,71,,57,56,49,44,55,46,,94,,69,71,
丁英资,112班,180112048,,45,76,71,44,,,72,61,95,51,,100,,
简鸿彩,112班,180112049,,,,70,,,54,88,,,89,99,93,43,80
戌立果,112班,180112050,,58,99,,74,,63,,77,81,,54,,46,86
仰元凯,113班,180113001,,53,,44,,55,59,100,75,54,100,49,97,68,67
谷晗昱,113班,180113002,,75,88,43,83,,,,87,,92,63,,41,
宋敏智,113班,180113003,,,,61,,,53,,,,83,87,69,73,56
申鸿波,113班,180113004,61,,,70,,,49,70,61,83,,42,60,58,60
能光临,113班,180113005,81,67,,81,60,71,64,69,97,61,92,74,44,60,
任刚毅,113班,180113006,,99,,62,,90,70,,48,,,88,77,88,52
蔚涵育,113班,180113007,,,,68,92,,,58,73,91,49,97,44,85,59
何欣可,113班,180113008,71,75,100,46,44,74,,,61,,,,70,73,
姚俊誉,113班,180113009,,,90,94,,46,69,,,61,,,,,62
崔雅懿,113班,180113010,51,,74,,57,47,70,53,97,95,91,94,45,44,
闻和裕,113班,180113011,40,50,76,61,41,,85,62,98,43,84,,,56,55
蒯子明,113班,180113012,,,92,,93,,,,86,,,58,72,,
戈雨石,113班,180113013,,,73,79,,81,,,63,46,,82,96,74,75
袁雅逸,113班,180113014,88,85,49,,,,,91,61,46,82,,,71,68
勾宏邈,113班,180113015,,,59,49,,65,90,94,62,,,84,42,57,89
农高轩,113班,180113016,90,52,92,50,68,68,,51,88,50,,54,92,,
聂良奥,113班,180113017,88,73,52,77,56,76,51,73,54,,68,90,81,41,
方俊材,113班,180113018,53,44,46,,45,93,53,51,,50,,49,97,48,
能温纶,113班,180113019,,64,86,70,74,,,88,66,67,,48,47,91,59
闻英光,113班,180113020,,,89,84,92,,,60,88,76,71,40,74,91,
逯雨伯,113班,180113021,80,,95,,85,49,85,,,90,93,65,97,,53
曹鸿达,113班,180113022,,85,78,88,46,71,50,,,44,,86,93,,44
双文光,113班,180113023,66,,80,,,73,40,,62,61,,99,,97,
隆安和,113班,180113024,72,53,57,72,66,,,,61,,,73,,54,94
容子晋,113班,180113025,,53,98,82,50,99,,64,43,49,,53,79,61,60
易元驹,113班,180113026,55,49,83,,41,48,56,99,,100,53,,91,82,84
郏滨海,113班,180113027,46,,65,,100,43,78,90,,,,,41,97,55
伊雨石,113班,180113028,100,61,78,57,43,94,98,96,83,60,,45,49,70,45
毛安宁,113班,180113029,97,42,58,,65,84,97,68,52,48,,64,79,,50
尚飞鸣,113班,180113030,,73,,99,40,,85,70,93,69,60,,98,84,
龚嘉运,113班,180113031,,85,70,,58,77,,55,70,,,,85,83,70
邹兴文,113班,180113032,47,40,,,47,61,,56,92,,43,95,,,54
满天韵,113班,180113033,,,62,98,99,,88,,77,,76,50,52,57,79
文成业,113班,180113034,,,51,76,52,,42,,89,74,,70,79,51,57
桂雅珺,113班,180113035,40,,,,96,,63,67,,49,57,,44,91,
侯承志,113班,180113036,74,,,96,62,,57,76,42,,53,93,,98,46
养泰清,113班,180113037,41,97,97,,,44,65,,,45,70,99,48,,
牧涵衍,113班,180113038,,54,97,72,100,,62,59,,67,64,80,77,64,
顾国安,113班,180113039,67,,59,51,,85,60,40,,53,,89,97,68,
易宏邈,113班,180113040,,43,48,68,79,,60,80,,56,41,,73,84,66
史永丰,113班,180113041,98,93,,,93,100,67,91,74,45,70,,52,60,95
权涵容,113班,180113042,,69,,48,86,95,95,77,65,,71,89,64,74,81
家明德,113班,180113043,100,83,73,49,,66,80,,,,,82,56,,83
党宇航,113班,180113044,,88,61,67,79,54,74,,,82,62,57,76,,75
阴德水,113班,180113045,94,80,,78,,68,,72,,94,97,67,44,,
益雅惠,113班,180113046,,52,78,71,,42,86,91,44,55,48,68,,59,
汲承德,113班,180113047,78,87,,,70,42,93,42,57,,,43,68,,86
弓浩旷,113班,180113048,91,85,88,,52,71,,44,82,,87,,94,44,
暴浩穰,113班,180113049,91,63,58,45,42,89,,,64,,,83,53,69,
傅波涛,113班,180113050,40,76,,,,,94,,,,80,44,79,,65
那鸿熙,114班,180114001,43,,,88,77,,92,,,90,89,,49,51,
松嘉福,114班,180114002,69,90,80,44,97,60,53,69,,,79,,,,
璩天罡,114班,180114003,41,82,,,,54,44,98,62,53,64,82,53,40,
汪向文,114班,180114004,,90,84,96,42,55,76,,71,44,83,81,,,
戌华美,114班,180114005,91,,82,66,94,65,50,79,69,49,46,41,,,81
游鹏云,114班,180114006,66,,62,99,,46,,74,,80,,,77,76,
池浩漫,114班,180114007,,,,100,95,,,80,78,67,83,53,,,
钟英光,114班,180114008,55,,89,,92,,,66,,60,76,100,72,57,95
邓俊发,114班,180114009,,,,90,,,,,88,,,72,89,46,
麴文德,114班,180114010,61,66,,,,91,81,46,83,91,40,62,43,47,82
寇嘉容,114班,180114011,48,42,,67,,78,68,73,57,,,,52,92,
许温书,114班,180114012,77,49,79,61,40,63,,48,,,63,42,,47,50
储茂勋,114班,180114013,,44,90,,,,96,71,89,,55,67,,72,45
姚正业,114班,180114014,,96,59,58,72,,44,86,62,57,,,65,,96
汤星津,114班,180114015,71,94,66,,61,90,69,,72,,,48,71,41,
蓬皓轩,114班,180114016,77,66,53,62,,55,45,47,,,66,80,97,55,90
邵季萌,114班,180114017,59,,,87,,59,95,,49,81,94,56,58,,44
阚朋义,114班,180114018,72,85,99,67,96,72,,68,80,,,59,,72,
慎力行,114班,180114019,,55,41,81,90,83,,91,,98,,88,86,78,
糜自明,114班,180114020,89,97,,,85,69,84,,,91,,100,90,67,66
宫锐翰,114班,180114021,98,,83,83,51,87,49,,,,58,67,83,,73
连兴贤,114班,180114022,,61,58,43,43,62,54,,40,,,43,85,56,93
逯弘和,114班,180114023,99,70,87,71,95,49,,43,98,82,80,79,57,43,53
韶鹤轩,114班,180114024,57,99,,60,,,,54,85,71,91,,73,52,
赖睿才,114班,180114025,89,,95,92,91,76,,70,71,65,,,80,,
张俊喆,114班,180114026,80,94,57,73,57,,96,,,48,,95,42,56,
陈新荣,114班,180114027,,,88,69,95,57,,,,86,71,61,,,89
家兴修,114班,180114028,92,72,47,,,,79,68,56,,70,69,93,,71
郏飞语,114班,180114029,76,54,75,,62,,,84,,99,54,41,82,,
姜涵润,114班,180114030,,45,99,46,80,51,86,46,77,54,60,,67,55,
方星光,114班,180114031,56,43,55,45,79,80,63,61,64,,,91,56,76,84
夏兴国,114班,180114032,,91,72,41,,,80,43,,73,77,56,71,94,76
国天韵,114班,180114033,,,,50,,,47,,71,,85,83,,95,96
弘兴修,114班,180114034,81,53,,,89,,66,,,,88,,61,,49
温玉成,114班,180114035,83,,100,56,,72,,81,53,90,95,,76,93,57
茹宜民,114班,180114036,50,75,65,71,88,46,93,,73,85,75,54,49,79,
印恺歌,114班,180114037,,66,96,94,,,,,,,85,,,64,44
冷元恺,114班,180114038,51,73,44,,94,76,69,44,,,84,50,,47,52
蓟嘉胜,114班,180114039,88,55,82,94,,,,54,54,54,,59,100,45,52
浦天瑞,114班,180114040,47,98,,,60,94,,,71,80,,,56,,41
万睿好,114班,180114041,65,70,87,65,,,75,,74,,89,46,46,,97
司正业,114班,180114042,,96,65,50,59,91,58,,93,45,89,48,86,56,
彭弘毅,114班,180114043,,92,46,69,,,,83,64,,97,49,,79,
金志文,114班,180114044,,72,,71,62,85,,81,69,,89,,59,94,82
宫英哲,114班,180114045,47,,96,73,,96,90,80,,83,,99,85,71,50
卢华奥,114班,180114046,66,44,,,,,70,,83,89,,,,75,61
师勇毅,114班,180114047,,84,51,94,73,,80,98,96,73,90,68,,55,52
钭德运,114班,180114048,64,74,64,,,40,57,,85,,87,74,,45,
蒲嘉石,114班,180114049,81,95,59,74,,,,40,78,59,72,,82,,49
薛英纵,114班,180114050,100,46,44,46,50,74,,71,91,,64,65,59,91,55
高新荣,115班,180115001,64,88,80,,60,49,97,,46,74,,44,75,,
金宏逸,115班,180115002,48,54,,,62,,75,,,93,,83,71,75,48
郑修筠,115班,180115003,82,,54,,55,,,44,42,,,,71,80,78
厉咏志,115班,180115004,85,,,96,54,86,52,,,62,,,86,61,74
隆学海,115班,180115005,76,43,65,85,,75,,,75,76,45,75,72,47,74
田飞鹏,115班,180115006,64,83,,,45,,49,,45,46,64,74,,,66
师逸春,115班,180115007,,83,57,,,,57,57,,,69,,,47,40
宫坚诚,115班,180115008,94,,,88,,,,61,42,88,,,58,60,88
终丰茂,115班,180115009,73,85,48,,,40,71,67,53,,80,64,,47,
訾奇正,115班,180115010,,41,,59,90,69,,,99,77,,,,99,
燕俊发,115班,180115011,70,43,48,96,63,73,50,82,,62,,42,79,74,48
顾修永,115班,180115012,,,63,46,97,91,,92,,,,62,,45,
苍波峻,115班,180115013,,61,60,54,91,75,75,51,97,96,85,46,96,80,74
聂瑾瑜,115班,180115014,55,47,,92,,,,,40,54,62,44,43,72,76
甄飞白,115班,180115015,46,40,72,61,82,,50,46,91,50,,88,,47,47
唐宇文,115班,180115016,59,51,,,50,72,82,69,49,46,93,59,66,,
唐永望,115班,180115017,45,69,,,,,45,,72,91,70,54,59,40,59
万健柏,115班,180115018,,,59,,83,90,96,,66,,,,63,,
周德庸,115班,180115019,,75,,90,,92,,86,,73,91,73,40,92,62
訾嘉颖,115班,180115020,64,,96,77,,,62,95,47,57,,,90,54,50
朱承德,115班,180115021,,50,,77,,66,67,78,,83,46,78,58,87,
万建明,115班,180115022,75,43,,88,,,88,47,70,,,98,41,,42
蒲承志,115班,180115023,92,61,74,96,,76,55,99,,,48,99,72,90,
闻明远,115班,180115024,47,52,97,44,,,,92,57,,66,86,41,54,87
高和硕,115班,180115025,,89,,99,95,67,96,84,99,,51,41,83,,86
冉康德,115班,180115026,,,,68,66,,,95,90,94,,57,98,92,42
沈高达,115班,180115027,,,,51,42,,90,78,,71,99,62,80,79,63
慕修为,115班,180115028,75,59,91,,97,77,,,92,99,73,56,78,,96
丁欣德,115班,180115029,,59,78,,77,,,,,,94,,92,57,
宿飞鹏,115班,180115030,71,87,,,89,71,90,99,,40,,,,,43
勾华容,115班,180115031,74,63,,80,99,65,63,64,63,50,57,50,,,
尚和悌,115班,180115032,,86,,75,97,46,,75,56,,68,40,98,60,
汤敏才,115班,180115033,59,,98,100,,,52,,49,67,,87,46,90,59
郜兴思,115班,180115034,53,85,,89,80,,67,77,63,68,43,76,,47,47
甄开霁,115班,180115035,80,61,97,,61,81,42,73,66,99,74,,77,,72
崔嘉祯,115班,180115036,93,,52,96,98,93,,88,,,90,,67,81,48
郜弘壮,115班,180115037,54,,,,54,,52,88,71,45,,45,44,45,
双良骏,115班,180115038,41,67,,84,61,,40,,,,58,55,,45,
顾俊明,115班,180115039,62,82,69,80,98,89,40,,48,74,55,68,85,,
阴嘉实,115班,180115040,,,53,51,82,46,84,,81,81,,89,86,81,62
居经纬,115班,180115041,86,,,86,,,,,,,41,63,,61,
党雨星,115班,180115042,55,,62,97,86,54,,86,96,73,47,74,,51,88
菱承福,115班,180115043,42,,,55,,,69,93,43,,89,83,46,57,55
寿自明,115班,180115044,87,74,,84,,47,,40,62,94,88,,97,,
桂阳煦,115班,180115045,87,45,96,48,,,,49,,,58,,79,48,
庄正青,115班,180115046,78,,,88,,94,61,46,69,,47,95,96,,75
郝鹏程,115班,180115047,94,89,98,62,83,66,40,60,70,,82,98,73,77,
曹元甲,115班,180115048,,75,99,69,69,43,79,75,45,,,95,89,68,
宿文星,115班,180115049,47,,,88,75,90,77,83,54,,62,,,,86
蔚正奇,115班,180115050,70,79,,,59,90,,49,,69,,93,65,66,
司乐逸,116班,180116001,94,,74,,,60,79,,40,67,,88,42,,87
屠飞鸿,116班,180116002,64,94,75,,75,82,73,49,48,67,55,53,98,52,46
阎建同,116班,180116003,55,85,83,47,50,77,66,58,51,64,97,89,92,,56
焦志强,116班,180116004,52,67,45,44,,95,,,,98,,,,63,
弓泰然,116班,180116005,56,,,,77,45,75,40,72,84,,75,92,42,
祖嘉良,116班,180116006,73,67,64,,59,68,42,,59,43,82,41,90,,67
双黎昕,116班,180116007,,91,100,73,45,73,40,,,,,77,52,89,59
慎温文,116班,180116008,41,78,72,84,,45,60,96,,44,90,81,100,59,67
戈弘大,116班,180116009,68,48,100,86,,58,,,,44,,,,64,
能凯康,116班,180116010,82,,81,56,,,84,79,88,84,61,51,96,42,91
益浩荡,116班,180116011,82,47,,80,,,100,53,,61,89,80,,,
汤和韵,116班,180116012,,51,,44,41,,64,,41,55,67,,62,79,54
訾博赡,116班,180116013,93,69,79,,67,70,78,40,,,48,51,57,,83
赖飞翼,116班,180116014,98,52,65,40,90,,,92,91,47,,90,88,81,
邹光华,116班,180116015,,86,,91,,,,45,,79,,,75,,70
史乐安,116班,180116016,68,100,93,,75,,47,,49,83,,99,,54,
吕睿德,116班,180116017,,,73,97,41,,100,64,61,50,62,,90,,45
贡飞跃,116班,180116018,67,54,,95,78,82,61,,,81,91,89,96,80,71
蓬成双,116班,180116019,97,,83,79,50,,93,52,,,,92,54,95,72
顾玉山,116班,180116020,40,96,72,52,87,79,67,86,79,94,64,51,,48,
蔚彭祖,116班,180116021,61,,71,99,77,95,88,74,,54,90,53,90,,71
任茂德,116班,180116022,78,70,88,,63,,85,76,62,60,64,,,62,
徐宏爽,116班,180116023,,,,,,83,,92,76,,60,58,86,87,54
莘飞捷,116班,180116024,,85,73,47,54,62,97,,64,,,,73,,40
胡俊爽,116班,180116025,,99,49,44,54,45,92,77,97,48,,65,44,,
勾高芬,116班,180116026,,67,80,,98,,56,,,45,64,,56,,
相祺祥,116班,180116027,81,41,61,68,100,,,61,54,,46,94,49,45,83
鱼景澄,116班,180116028,,58,,74,75,45,,,,66,,78,85,,75
戈玉书,116班,180116029,72,99,97,73,50,43,,80,,,,80,88,83,
戌天元,116班,180116030,44,40,,60,61,,48,,,59,55,,65,66,69
桓宏深,116班,180116031,,72,84,71,,78,,,,,56,,,,56
庄德馨,116班,180116032,50,42,64,,,91,,,44,69,,67,89,98,
郗安宜,116班,180116033,88,68,76,,,,51,90,49,,58,69,,42,75
郜弘大,116班,180116034,88,46,100,,90,95,77,,76,93,78,,88,92,
殳乐正,116班,180116035,,,72,,93,57,73,,79,100,94,,,,50
邵雪峰,116班,180116036,,48,84,,,82,86,55,79,88,95,,,,95
段黎明,116班,180116037,,73,,,,,53,100,96,43,40,91,,77,66
习哲茂,116班,180116038,56,,78,,73,46,57,91,44,64,,86,81,82,
阙文赋,116班,180116039,93,,51,,59,72,61,,,99,,57,,65,89
毛文轩,116班,180116040,88,53,46,,54,48,,,59,69,85,,,,100
申和裕,116班,180116041,90,,96,82,,50,65,,,87,,,45,,42
蒯逸春,116班,180116042,54,80,,56,87,87,46,,88,50,53,75,,,
靳浩大,116班,180116043,,56,,72,84,,98,92,51,94,61,95,,88,
能浩气,116班,180116044,,97,,,82,,77,59,56,79,47,42,,43,92
劳烨赫,116班,180116045,77,,97,90,57,,,,58,77,97,76,83,51,
桓睿明,116班,180116046,71,47,57,100,56,,47,,51,77,54,,,,78
鱼子濯,116班,180116047,76,74,95,51,40,78,,55,99,60,,,,,71
翟项明,116班,180116048,77,77,,87,88,,,66,84,78,66,58,98,74,
潘逸仙,116班,180116049,84,74,91,65,86,42,56,,,94,,91,47,42,73
焦博瀚,116班,180116050,68,,,47,97,57,,66,41,,,,,44,100
余茂学,117班,180117001,80,73,48,44,73,,,91,85,43,,96,,68,
蔚雅健,117班,180117002,78,,62,73,43,61,,,76,88,,57,,60,80
龚飞沉,117班,180117003,68,92,50,96,,,40,53,89,,84,81,,98,
终乐悦,117班,180117004,62,,,,,47,100,,87,59,98,42,,,
于敏智,117班,180117005,,61,57,86,67,,,43,95,54,67,,77,61,45
池子民,117班,180117006,,,,60,63,71,,81,62,53,,80,65,,
终阳云,117班,180117007,64,88,47,,82,,,92,,,89,97,,,64
雍志新,117班,180117008,,65,46,73,40,45,98,,72,,60,66,,44,85
暨兴国,117班,180117009,,70,74,69,95,44,,72,86,67,,100,83,66,
任承德,117班,180117010,77,71,,,47,90,,80,,73,82,,90,93,82
印兴发,117班,180117011,78,44,,71,,69,,42,53,75,69,75,,68,59
家子瑜,117班,180117012,91,85,83,68,85,,83,97,78,,49,96,93,,
盖修明,117班,180117013,88,77,64,99,,98,,51,53,67,,97,,44,
李勇男,117班,180117014,,47,99,,67,90,50,,50,,80,72,75,62,74
尚博易,117班,180117015,62,64,49,47,,,85,93,81,85,82,43,93,90,66
容修然,117班,180117016,54,81,97,,68,42,86,76,54,,92,56,,70,86
石宏远,117班,180117017,50,91,78,,94,,,52,,54,,,61,67,64
权经义,117班,180117018,90,43,,85,,46,75,76,,58,86,,69,,
沈和颂,117班,180117019,61,59,,,68,85,60,96,,99,44,66,67,,
任天睿,117班,180117020,,93,77,65,97,85,89,,76,88,74,58,,50,91
籍高峻,117班,180117021,50,,,64,82,,96,91,,70,,48,,,90
蓟嘉赐,117班,180117022,74,,,,69,80,,,59,71,94,55,92,,
养华藏,117班,180117023,85,73,79,83,83,78,,99,83,,,99,,90,63
范博厚,117班,180117024,,46,44,54,67,,62,49,79,,,76,,54,
潘星宇,117班,180117025,,,,85,67,,,,69,,85,,86,67,57
瞿宏盛,117班,180117026,92,47,44,57,75,70,100,,,60,51,,65,61,
宁天和,117班,180117027,,52,42,50,57,67,75,,44,63,,72,,85,83
晃文滨,117班,180117028,54,81,64,56,58,85,63,60,45,77,76,,71,96,83
宿建柏,117班,180117029,59,97,74,,59,,56,48,43,47,89,,51,82,79
康伟诚,117班,180117030,100,57,,79,54,,40,61,62,71,98,41,98,84,
向飞羽,117班,180117031,,56,53,74,42,43,,47,,,,52,,55,71
融景辉,117班,180117032,,46,50,,79,58,89,,95,,,63,,94,47
印学海,117班,180117033,90,47,91,100,68,67,,,85,70,,73,,,40
从安志,117班,180117034,63,40,43,64,76,,100,49,91,51,49,,88,58,67
顾正浩,117班,180117035,75,52,41,42,97,77,91,66,,,58,51,,,47
胡阳华,117班,180117036,59,,,60,,,93,74,72,100,84,,81,,99
邓永寿,117班,180117037,100,52,74,56,58,,,75,61,,54,72,83,41,59
蒋烨然,117班,180117038,,100,87,50,,93,,58,61,57,86,88,,98,74
崔修明,117班,180117039,91,,60,,,97,,,,59,,51,65,,58
利嘉实,117班,180117040,93,90,,86,83,,,58,,,,44,99,71,57
高明杰,117班,180117041,89,76,49,90,43,97,93,,90,,99,,,91,87
薛凯泽,117班,180117042,84,,94,,93,,74,,55,88,,62,,44,
印温文,117班,180117043,,100,51,,79,55,60,,91,,66,,81,,
党嘉誉,117班,180117044,50,,93,40,86,62,82,71,53,79,,43,100,75,61
赖子平,117班,180117045,52,47,92,53,,88,,48,,,69,56,,94,
菱子实,117班,180117046,46,,85,,,,85,66,40,85,46,98,,73,45
崔鸿达,117班,180117047,90,,71,72,72,96,70,,55,,,,77,75,65
关奇水,117班,180117048,74,,100,96,60,57,71,78,97,,82,,100,70,
盖昊焱,117班,180117049,66,83,76,,,42,51,,54,97,66,,77,75,46
刘承平,117班,180117050,67,73,,90,83,69,40,43,94,77,84,87,77,,
幸升荣,118班,180118001,,,,,,,,80,54,68,63,,,45,
傅弘业,118班,180118002,46,,82,,86,80,59,83,,48,60,83,,,47
韩志尚,118班,180118003,,45,95,82,85,,,49,59,,50,,60,97,96
蒯乐音,118班,180118004,86,,,,95,67,,84,69,87,78,,73,,
沃圣杰,118班,180118005,55,71,79,66,53,83,,58,57,80,,,,47,89
茹鹏鹍,118班,180118006,,,66,,57,56,,54,69,,,,,,67
后凯泽,118班,180118007,76,,42,,45,,43,,,,81,,93,49,
程英发,118班,180118008,,53,92,,,,85,68,67,,85,78,56,94,81
吴烨伟,118班,180118009,44,,72,,,77,55,66,41,,83,,75,90,
金高飞,118班,180118010,41,94,67,74,,84,97,80,,,,44,,,88
马康成,118班,180118011,85,,44,96,,,62,,,46,86,,,51,84
终玉泽,118班,180118012,,71,80,,48,54,65,,97,87,,,81,90,92
弘建业,118班,180118013,73,63,96,59,97,50,47,,60,87,,55,53,82,45
甄高朗,118班,180118014,55,,91,99,85,,41,45,,,,60,,40,
蒙玉堂,118班,180118015,,77,55,,,40,47,87,91,72,63,,,,73
菱嘉祥,118班,180118016,,,91,,100,,,69,68,75,67,53,67,,
饶峻熙,118班,180118017,,89,90,45,65,97,70,55,49,50,94,,,,44
庾德义,118班,180118018,56,51,,44,51,90,,49,69,83,,,,55,41
隗永长,118班,180118019,,53,,44,49,,,,,58,87,77,,63,41
弓承泽,118班,180118020,53,91,72,62,,,59,82,79,,71,76,47,,
邓黎昕,118班,180118021,,100,70,58,79,97,87,,42,,99,,,,80
沈国兴,118班,180118022,79,93,53,46,,59,,97,,78,51,100,,91,
汤嘉年,118班,180118023,63,78,,64,,84,78,63,90,90,,,43,87,92
广季同,118班,180118024,,49,,88,82,,60,40,,96,,63,88,,94
幸嘉泽,118班,180118025,,98,76,,100,100,,100,44,,71,59,,43,
杜良材,118班,180118026,43,97,,84,90,,,,,58,53,45,83,87,
杜元青,118班,180118027,49,45,68,84,,,,,69,72,,82,64,80,
郭勇捷,118班,180118028,71,47,46,98,,98,,,49,89,91,,,78,
鄂飞英,118班,180118029,72,,74,97,56,,,,,70,,97,96,55,41
从明哲,118班,180118030,53,97,,,48,,90,,45,96,53,,41,,
邱鸿远,118班,180118031,,49,99,61,60,97,95,,95,,80,62,,51,
索睿好,118班,180118032,,,,98,85,98,71,91,58,40,68,,,,
扈才艺,118班,180118033,,61,,75,88,48,,43,77,42,,,64,52,
夏华翰,118班,180118034,42,92,44,,91,,,61,43,43,,79,,,80
羿鹏鲸,118班,180118035,91,83,73,67,,78,,56,43,99,84,,55,,88
关良骏,118班,180118036,,65,75,46,,95,49,54,97,,,,,,77
蔚高丽,118班,180118037,79,,,54,63,64,,62,95,82,,86,,,72
劳明朗,118班,180118038,86,,53,50,54,,41,81,66,46,82,,60,93,
蔡信瑞,118班,180118039,65,43,,71,68,,,,,90,87,74,91,55,
蔚康泰,118班,180118040,,83,44,68,,87,47,40,96,,90,,68,63,56
孟志勇,118班,180118041,79,93,90,60,60,,51,72,,60,68,99,52,,
相浩阔,118班,180118042,,,72,58,,72,89,99,,51,92,88,,,87
周欣怡,118班,180118043,,90,95,,,,90,42,54,56,82,,80,44,49
常文赋,118班,180118044,46,80,53,,,,,58,42,,54,95,,81,
阚展鹏,118班,180118045,,43,51,53,99,53,64,82,54,59,,69,,,58
利茂彦,118班,180118046,,,94,44,46,65,,57,,47,,48,,,48
周奇志,118班,180118047,,45,65,84,48,81,59,56,99,85,99,51,77,89,70
崔皓轩,118班,180118048,,93,79,46,,,,,94,41,92,43,,,76
充志明,118班,180118049,62,89,74,57,64,,60,,66,62,49,,47,80,42
鄂逸明,118班,180118050,,60,63,,,,99,49,99,,,61,,,
贾修贤,119班,180119001,83,84,98,41,100,,93,,,59,83,,,100,60
尚文瑞,119班,180119002,,93,,,,65,91,,,51,,40,,,80
衡康成,119班,180119003,,,54,62,,85,51,63,,,54,84,83,,
戌志义,119班,180119004,79,56,,43,,,,,,,55,,,99,64
戈嘉懿,119班,180119005,,,66,,54,41,,87,,47,49,,84,97,72
阎永怡,119班,180119006,92,93,,,43,,60,57,,68,86,54,50,49,61
宁俊良,119班,180119007,55,40,54,60,46,93,67,,,67,,,,86,
晏高超,119班,180119008,,97,,65,48,,,,64,67,,,,,46
毛弘毅,119班,180119009,,43,62,45,93,80,,48,60,73,75,45,56,57,47
晃高芬,119班,180119010,,63,,72,,44,,,53,81,,91,,62,43
宫高懿,119班,180119011,,,,,93,90,77,85,70,45,100,52,68,60,59
邓天赋,119班,180119012,,66,73,73,90,77,,,81,,,53,,51,44
蒙成和,119班,180119013,,91,83,76,,,,,94,85,68,72,71,86,41
邹俊智,119班,180119014,61,61,98,,,46,76,,,,88,82,,,
秦景曜,119班,180119015,97,96,,45,,92,66,,,93,74,66,84,48,81
任天和,119班,180119016,,,48,44,81,,97,74,,,89,46,47,92,
暴乐悦,119班,180119017,,,,49,60,46,,45,,97,66,75,,83,44
芮子瑜,119班,180119018,94,,,,44,,76,57,56,96,74,50,74,100,42
毛建本,119班,180119019,,57,,75,56,71,,,68,94,45,,93,46,63
钭泰平,119班,180119020,79,72,95,,,61,92,75,94,49,83,85,49,,97
隗泰鸿,119班,180119021,100,69,,,85,83,,,71,95,,,58,93,
邹鸿煊,119班,180119022,82,44,98,85,,,78,72,,,,98,48,,
蒙俊明,119班,180119023,,96,,,97,68,51,77,,,57,88,51,,85
金元恺,119班,180119024,84,77,82,45,,,53,,89,68,45,,,55,80
杜弘懿,119班,180119025,96,69,,40,78,92,73,,53,74,91,80,74,65,
庾学博,119班,180119026,95,,57,88,52,77,,92,80,72,,93,89,,57
乔俊健,119班,180119027,,93,88,,98,52,,49,99,70,,77,99,44,43
蓬嘉勋,119班,180119028,90,67,67,64,99,,,,61,67,50,96,51,84,
吕华彩,119班,180119029,,,40,90,,55,,70,67,,74,,,,
吕思源,119班,180119030,47,92,59,42,,64,86,80,51,56,47,68,44,,64
宓浩瀚,119班,180119031,,,85,,72,66,69,89,,53,48,90,,89,95
茹高翰,119班,180119032,63,57,48,97,,48,88,54,81,46,90,56,,,49
魏德厚,119班,180119033,51,93,94,57,,,,60,59,98,,83,,72,46
顾勇毅,119班,180119034,,,54,63,,100,96,52,59,45,86,66,95,,55
钭承嗣,119班,180119035,100,,75,71,,91,70,77,72,,71,85,49,67,100
徐和风,119班,180119036,58,44,,,42,84,65,,83,,,,,43,56
厍康德,119班,180119037,52,93,56,,,,42,70,83,56,,93,42,84,64
卢鹏涛,119班,180119038,,74,62,43,,,51,80,,41,88,97,66,60,51
唐鸿达,119班,180119039,,43,,,76,63,58,84,97,,41,49,40,56,54
赵建中,119班,180119040,74,49,64,54,,96,67,79,96,73,97,,,52,71
师志学,119班,180119041,44,50,62,68,53,,,75,,54,,,90,,
欧元龙,119班,180119042,47,,,41,78,76,46,,,53,,75,80,61,52
那星纬,119班,180119043,,,49,58,,,60,51,96,100,,58,,68,44
姚振国,119班,180119044,70,68,61,52,77,,92,98,45,,49,89,66,41,
焦文敏,119班,180119045,53,77,61,86,76,62,65,,45,,,,80,54,68
慕奇玮,119班,180119046,56,,84,100,,,66,,,43,,,56,40,
郗伟博,119班,180119047,86,76,51,80,54,82,47,82,,90,,,60,83,75
聂哲圣,119班,180119048,51,80,40,65,77,,77,86,49,94,50,70,73,96,
顾宏伯,119班,180119049,88,84,88,72,73,71,95,72,,92,66,66,64,56,74
钭建明,119班,180119050,87,,96,,,89,,90,74,,,,82,42,
